fund_code,fund_source,type
<Null>,Unknown,Unknown
2015 SFA,USFS Consolidated Payment Grant,Federal
2015 WRRG,Wildfire Risk Reduction Grant (WRRG),State
2017 SFA,USFS Consolidated Payment Grant,Federal
2018 SFA slip,USFS Consolidated Payment Grant,Federal
2020 Forests to Faucets 2,Denver Water,Local
22 Fund Management Projects,Other,Other
39 Fund Service Fees,Other,Unknown
ABInBev,Anheuser Busch InBev (ABInBev),Private
ABInbev,Anheuser Busch InBev (ABInBev),Private
ACCA,Other,Unknown
AFF,American Forest Foundation (AFF),Private
Allard,Congressional Directed Spending,Federal
Allard - MPB Removal,Congressional Directed Spending,Federal
APG,American Recovery and Reinvestment Act (ARRA),Federal
ARRA,American Recovery and Reinvestment Act (ARRA),Federal
ARRA-APG,American Recovery and Reinvestment Act (ARRA),Federal
ARRA-CUSP,"American Recovery and Reinvestment Act (ARRA), Coalition for the Upper South Platte (CUSP)",Federal
ARRA-RMYC,American Recovery and Reinvestment Act (ARRA),Federal
Aurora Water,Aurora Water,Local
BEF,Bonneville Environmental Foundation (BEF),Private
BIL,Bipartisan Infrastructure Law (BIL),Federal
BIL,Bipartisan Infrastructure Law (BIL),Federal
Bipartisan Infrastructure Law (BIL),Bipartisan Infrastructure Law (BIL),Federal
BOR 2013,Bureau of Reclamation (BOR),Federal
BORDNR dollars,Bureau of Reclamation (BOR),Federal
Brush Disposal,Brush Disposal,Federal
Brush Disposal Purchaser Elect,Brush Disposal,Federal
CA Community Assistance BLM,Wildland Fire Community Assistance Program,Federal
CAFA,Community Assistance Funds Adjacent to National Forests and Grasslands (CAFA or Stevens grant),Federal
Capital Improvement and Maintenance,Capital Improvement and Maintenance,Federal
CFLR,Collaborative Forest Landscape Restoration (CFLR),Federal
CFRP,Colorado Forest Restoration Pilot (CFRP),State
CFSY WUI Grant,USFS Consolidated Payment Grant,Federal
City of Boulder Climate tax,City of Boulder,Local
City of Fort Collins Utilities,City of Fort Collins Utilities,Local
CO Community Wildfire Defense Grants (CWDG),Community Wildfire Defense Grants (CWDG),Federal
CO DNR WRRG,Wildfire Risk Reduction Grant (WRRG),State
Coalitions and Collaboratives,Coalitions and Collaboratives Action Implementation and Mitigation,Private
Coalitions and Collaboratives AIM,Coalitions and Collaboratives Action Implementation and Mitigation,Private
COB,City of Boulder,Local
CoCo-AIM,Coalitions and Collaboratives Action Implementation and Mitigation,Private
Collaborative Forest Landscape Restoration,Collaborative Forest Landscape Restoration (CFLR),Federal
Colorado Conservation Exchange,Peaks to People Water Fund,Private
Colorado Department of Local Affairs,Colorado Department of Local Affairs (DOLA),State
Colorado DOT,Colorado Department of Transportation (CDOT),State
Colorado Forest Restoration Pilot (CFRP),Colorado Forest Restoration Pilot (CFRP),State
Colorado Parks & Wildlife,Colorado Parks and Wildlife (CPW),State
Colorado Parks and Wildlife,Colorado Parks and Wildlife (CPW),State
Colorado Strategic Wildfire Action Program (COSWAP),Colorado Strategic Wildfire Action Program (COSWAP),State
Community Foundation of Northern Colorado,Community Foundation of Northern Colorado,Private
Congressional Directed Spending,Congressional Directed Spending,Federal
Congressionally Directed Spending,Congressional Directed Spending,Federal
Cooperative Work,Cooperative Work,Federal
Cooperative Work Knutson-Vandenberg,Cooperative Work Knutson-Vandenberg,Federal
Cooperative Work Knutson-Vandenberg,Cooperative Work Knutson-Vandenberg,Federal
Cost share w CSFS,Other,State
COSU,Colorado Springs Utilities,Local
COSWAP,Colorado Strategic Wildfire Action Program (COSWAP),State
COSWAP LRI,Colorado Strategic Wildfire Action Program (COSWAP),State
COSWAP WDG andor GOCO CYCA (in SOW of both awarded grants),Colorado Strategic Wildfire Action Program (COSWAP),State
COSWAP Workforce Development Grant,Colorado Strategic Wildfire Action Program (COSWAP),State
COSWAPLRI 1.0,Colorado Strategic Wildfire Action Program (COSWAP),State
COSWAP-Workforce Development,Colorado Strategic Wildfire Action Program (COSWAP),State
County Title III,Other,State
CPRW,Coalition for the Poudre River Watershed (CPRW),Private
CSFS,Other,State 
CSFS 07 FRFTP,Front Range Fuel Treatment Partnership (FRFTP),State 
CSFS 07 WUI,USFS Consolidated Payment Grant,Federal
CSFS 08 FRFTP,Front Range Fuel Treatment Partnership (FRFTP),State
CSFS 09 CFR,Colorado Forest Restoration,State
CSFS 09 WUI,USFS Consolidated Payment Grant,Federal
CSFS 10 WUI,USFS Consolidated Payment Grant,Federal
CSFS ES Grant,Emergency Supplemental,State
CSFS FRFTP SFA,USFS Consolidated Payment Grant,Federal
CSFS FRWRM,Forest Restoration and Wildfire Risk Mitigation (FRWRM),State
CSFS Grants,Other,State
CSFS HB 09-1199,Other,State
CSFS HB 1130,Colorado Forest Restoration,State
CSFS HB 1199,Colorado Forest Restoration,State
CSFS HB 12-1032,Colorado Forest Restoration,State
CSFS HB12-1032,Colorado Forest Restoration,State
CSFS ILG,Incentives for Local Governments,State 
CSFS SB08-071&WUI2009,Other,State
CSFS SFA,USFS Consolidated Payment Grant,Federal
CUSP,Coalition for the Upper South Platte (CUSP),Private
CUSP cost share,Coalition for the Upper South Platte (CUSP),Private
CUSP ESF,Coalition for the Upper South Platte (CUSP),Private
CWPP,USFS Consolidated Payment Grant |Healthy Forests Vibrant Communities (HFVC),"Federal, State"
CYCA,Colorado Youth Corps Association (CYCA),State
Denver Water,Denver Water,Local
Disaster Relief Funding,Disaster Relief Funding,Federal
DNR,Wildfire Risk Reduction Grant (WRRG),State
DNR Grant,Wildfire Risk Reduction Grant (WRRG),State
DNR Wildfire Risk Reduction Grant,Wildfire Risk Reduction Grant (WRRG),State
DOLA,Colorado Department of Local Affairs (DOLA),State
Emergency Forest Restoration Program,Farm Service Agency Emergency Forest Restoration Program ,Federal
Emergency Supplemental,Emergency Supplemental Funds,Federal
Environmental Quality Incentives Program,Environmental Quality Incentives Program (EQIP),Federal
Environmental Quality Incentives Program (EQIP),Environmental Quality Incentives Program (EQIP),Federal
EQIP,Environmental Quality Incentives Program (EQIP),Federal
EQIP + CUSP cost share,"Environmental Quality Incentives Program (EQIP), Coalition for the Upper South Platte (CUSP)","Federal, State"
EQIP FSI,Environmental Quality Incentives Program (EQIP),Federal
Equipment used in mitigation funded by Larimer County Mitigation Grant,Larimer County Mitigation Grant,Local
ESF,Emergency Supplemental Funds,Federal
ESF. TSI,"Emergency Supplemental Funds, NRCS Forest Stand Improvement",Federal
ESF-Emergency Supplemental Funds,Emergency Supplemental Funds,Federal
ESFForest Ag,Emergency Supplemental Funds,Federal
External Reimbursement,Other,Federal
Extra SFA,USFS Consolidated Payment Grant,Federal
FEMA,Federal Emergency Management Agency (FEMA),Federal
FEMA Grant,Federal Emergency Management Agency (FEMA),Federal
FEMA HMGrant,Federal Emergency Management Agency (FEMA),Federal
Forest Ag,Forest Agricultural Classification Program,State
Forest Health Management,National Fire Plan - Forest Health Management,Federal
Forest Health Monitoring,Forest Health Monitoring,Federal
Forest Restoration and Wildfire Risk Mitigation (FRWRM),Forest Restoration and Wildfire Risk Mitigation (FRWRM),State
Forest Stewardship,Forest Stewardship,Federal
FRFTP,Front Range Fuel Treatment Partnership (FRFTP),State
FRFTP CPG,Front Range Fuel Treatment Partnership (FRFTP),State
FRMWRM 2018,Forest Restoration and Wildfire Risk Mitigation (FRWRM),State
FRMWRM 2020 & NW & TNC,"Forest Restoration and Wildfire Risk Mitigation (FRWRM), Northern Water Conservancy District, The Nature Conservancy (TNC)","State, Local, Private"
FRMWRM 2020 & TNC,"Forest Restoration and Wildfire Risk Mitigation (FRWRM), The Nature Conservancy (TNC)",State
FRWRM,Forest Restoration and Wildfire Risk Mitigation (FRWRM),State
FRWRM 21,Forest Restoration and Wildfire Risk Mitigation (FRWRM),State
FRWRM 21 & NW,"Forest Restoration and Wildfire Risk Mitigation (FRWRM), Northern Water Conservancy District","State, Local, Private"
FRWRM N Teller,Forest Restoration and Wildfire Risk Mitigation (FRWRM),State
FRWRM Teller Park,Forest Restoration and Wildfire Risk Mitigation (FRWRM),State
FRWRM Ute Pass,Forest Restoration and Wildfire Risk Mitigation (FRWRM),State
FSA EFRP,Farm Service Agency Emergency Forest Restoration Program ,Federal
GGCSP,Golden Gate Canyon State Park,State
Gilpin County,Gilpin County,Local
GNA,Good Neighbor Authority,Federal
GOCO,Great Outdoors Colorado (GOCO),State
GOCO Grant,Great Outdoors Colorado (GOCO),State
Good Neighbor Authority,Good Neighbor Authority,Federal
Good Neighbor Program,Good Neighbor Authority,Federal
Good Neighbor Program,Good Neighbor Authority,Federal
Grazing Management,Grazing Management,Federal
Great Outdoors Colorado (CYCA),Great Outdoors Colorado (GOCO),State
Habitat Partnership Program,Habitat Partnership Program,Federal
Habitat Partnership Program,Colorado Parks and Wildlife Habitat Partners Program,State
Harvest Activity,Harvest Activity,Federal
Hazardous Fuels Reduction,Hazardous Fuels Reduction,Federal
Hazardous Fuels Reduction (HFR),Summit County Hazardous Fuels Reduction (HFR) Grant,Local
Hazardous Fuels Stevens (CAFA) Competitive Grant,Community Assistance Funds Adjacent to National Forests and Grasslands (CAFA or Stevens grant),Federal
HB 1032 Forest Restoration Grant,Colorado Forest Restoration ,State
HB 1130 Grant,Colorado Forest Restoration ,State
HB 1199,Colorado Forest Restoration ,State
HB 1199 Forest Restoration Pilot Grant,Colorado Forest Restoration ,State
HB 1199 Fuels Treatment Grant,Colorado Forest Restoration ,State
HB1199,Colorado Forest Restoration ,State
HB1199,Colorado Forest Restoration ,State
Healthy Forests & Vibrant Communities (HFVC),Healthy Forests & Vibrant Communities (HFVC),State
Heritage and Wilderness,Heritage and Wilderness,Federal
HVRPA1U1_U2 PDM Grant,Other,Unknown
Incentives for Local Government,Incentives for Local Governments,State
Jackson County Grant,Jackson County,Local
Jefferson County Open Space (Internal Funding),Jefferson County Open Space (JCOS),Local
Land Management Planning Assessment and Monitoring,Land Management Planning Assessment and Monitoring,Federal
Larimer County Office of Emergency Management,Larimer County Emergency Services (LCES),Local
Laura Jane Musser Fund,Laura Jane Musser Fund,Private
LCES,Larimer County Emergency Services (LCES),Local
LCESOLP,"Larimer County Emergency Services (LCES), Larimer County Open Lands Program (LCOLP)",Local
LCOLP,Larimer County Open Lands Program (LCOLP),Local
Local,Unknown,Local
Municipal Water Providers,Various Front Range Water Providers,Local
Musser Foundation,Laura Jane Musser Fund,Private
National Fire Plan - Forest Health Management,National Fire Plan - Forest Health Management,Federal
National Fish and Wildlife Foundation,National Fish and Wildlife Foundation,Federal
National Forest System,National Forest System,Federal
National Forest Timber Management,National Forest Timber Management,Federal
New Belgium Brewing,New Belgium Brewing,Private
NFF,National Forest Foundation,Private
No Funding Code,Unknown,Federal
Northern Water,Northern Water Conservancy District,Local
NRCS EQIP,Environmental Quality Incentives Program (EQIP),Federal
NRCS FSI,NRCS Forest Stand Improvement,Federal
NW,Northern Water Conservancy District,Local
NW Funds,Northern Water Conservancy District,Local
Other,Unknown,Unknown
Parks/Vol,Other,Unknown
Patagonia,Patagonia,Private
Peaks to People,Peaks to People Water Fund,Private
Peaks to People Water Fund,Peaks to People Water Fund,Private
Pilot CCE,Peaks to People Water Fund,Private
PoudreCoalition,Coalition for the Poudre River Watershed (CPRW),Private
PPWS TNC,"Peaks to People Water Fund, The Nature Conservancy (TNC)",Private
Preparedness,Preparedness,Federal
Private,Private,Private
Private (Landowner),Private,Private
Recreation,Recreation,Federal
Reforestation and Timber Stand Improvement,Reforestation and Timber Stand Improvement,Federal
Salaries and Expenses,Other,Federal
Salvage Sales,Salvage Sales,Federal
SB71,Congressional Directed Spending,Federal
SCO Wildfire Council Grant,Summit County Hazardous Fuels Reduction (HFR) Grant,Local
SFA,Great Outdoors Colorado (GOCO),State
SFA and ESF(?),USFS Consolidated Payment Grant,Federal
SFA grant,USFS Consolidated Payment Grant,Federal
SFA Grant,USFS Consolidated Payment Grant,Federal
SFA-WUI,USFS Consolidated Payment Grant,Federal
SFC,USFS Consolidated Payment Grant,Federal
SFMG,Strategic Fuels Mitigation Grant Program (SFMG),Local
St. Vrain and Left Hand Water Conservancy District,St. Vrain and Left Hand Water Conservancy District (SVLH),Local
Stand Alone Grants,Other,Unknown
State Fire Assistance Funds,USFS Consolidated Payment Grant,Federal
State Fire Assistance WUI Competitive Grant,USFS Consolidated Payment Grant,Federal
State Fire Assistance WUI Competitive Grant (SFA WUI),USFS Consolidated Payment Grant,Federal
State Trust Lands,State Land Improvement (SLI) account,State
Stevens/Companion,Community Assistance Funds Adjacent to National Forests and Grasslands (CAFA or Stevens grant),Federal
Stewardship Contracting,Stewardship Contracting,Federal
Summit County Strong Future Fund,Summit County Strong Future Fund,Local
The Nature Conservancy,The Nature Conservancy (TNC),Private
The Nature Conservancy (TNC),The Nature Conservancy (TNC),Private
TNC Grant,The Nature Conservancy (TNC),Private
TSI,NRCS Forest Stand Improvement,Federal
TSI ESF,NRCS Forest Stand Improvement,Federal
Unknown,Unknown,Unknown
USFS Consolidated Payment Grant |Healthy Forests Vibrant Communities (HFVC),"USFS Consolidated Payment Grant, Healthy Forests Vibrant Communities (HFVC)","Federal, State"
Vegetation and Watershed Management,Vegetation and Watershed Management,Federal
WBB,Western Bark Beetle,Federal
WFRR DNR Grant 2014,Wildfire Risk Reduction Grant (WRRG),State
WFRR DNR Grant 2014 Add,Wildfire Risk Reduction Grant (WRRG),State
Wildland Fire Suppression,Wildland Fire Suppression,Federal
WRRG,Wildfire Risk Reduction Grant (WRRG),State
WRRG Grant,Wildfire Risk Reduction Grant (WRRG),State
WRWC,West Region Wildfire Council,Private
WUI Competitive Grants,USFS Consolidated Payment Grant,Federal
WUI SFA Grant,USFS Consolidated Payment Grant,Federal
WUI-SFA Grant,USFS Consolidated Payment Grant,Federal
